Parameter,Optimized Value
model_type,VAE
num_epochs,100
model_type,VAE
input_size,77
num_classes,9
hidden_size,692
latent_size,5
sample_len,40
scoring_method,f1_dist_ldj:ff
score_rate,30
init_t,0
actions,"[""bend_down"", ""soccer_kick"", ""jump"", ""breaststroke"", ""flystroke"", ""jump_side"", ""left_front_kick"", ""left_lunges"", ""left_punches""]"
people,[0]

--- ITERATION RESULTS ---

iteration,score,loss,predicted classes,f1,smoothness,avg_freeze
0,0.2398438278050184,63181.26953125,"[[8, 8, 8, 2, 4, 3, 8, 2, 4, 6, 4, 3, 4, 0, 4, 7, 3, 4], [0, 0, 1, 1, 2, 2, 3, 3, 4, 4, 5, 5, 6, 6, 7, 7, 8, 8]]",0.10185185185185185,-3.525911441509163,2.1041038381670383
0,0.23362389722650795,63181.26953125,"[[0, 8, 4, 8, 0, 4, 6, 7, 4, 3, 8, 3, 4, 4, 7, 0, 3, 3, 4, 4, 4, 1, 8, 7, 7, 3, 7], [0, 0, 0, 1, 1, 1, 2, 2, 2, 3, 3, 3, 4, 4, 4, 5, 5, 5, 6, 6, 6, 7, 7, 7, 8, 8, 8]]",0.16077441077441076,-0.39903897144822964,2.2904904359674947
30,inf,1765.3284912109375,"[[0, 0, 1, 1, 2, 2, 3, 3, 4, 4, 5, 5, 6, 6, 7, 7, 6, 8], [0, 0, 1, 1, 2, 2, 3, 3, 4, 4, 5, 5, 6, 6, 7, 7, 8, 8]]",0.9407407407407408,-inf,0.9438992014640079
30,0.12599962197792566,1765.3284912109375,"[[0, 0, 0, 1, 1, 1, 2, 2, 2, 3, 3, 3, 4, 4, 4, 5, 5, 5, 6, 6, 6, 7, 7, 7, 8, 6, 6], [0, 0, 0, 1, 1, 1, 2, 2, 2, 3, 3, 3, 4, 4, 4, 5, 5, 5, 6, 6, 6, 7, 7, 7, 8, 8, 8]]",0.9166666666666666,-0.3862107512726478,0.8936995543611589
60,inf,391.9280700683594,"[[0, 0, 1, 1, 2, 2, 3, 3, 4, 4, 5, 5, 6, 6, 7, 7, 8, 8], [0, 0, 1, 1, 2, 2, 3, 3, 4, 4, 5, 5, 6, 6, 7, 7, 8, 8]]",1.0,-inf,1.2718733626602687
60,0.1409354738787295,391.9280700683594,"[[0, 0, 0, 1, 1, 1, 2, 2, 2, 3, 3, 3, 4, 4, 4, 5, 5, 5, 6, 6, 6, 7, 7, 7, 8, 8, 8], [0, 0, 0, 1, 1, 1, 2, 2, 2, 3, 3, 3, 4, 4, 4, 5, 5, 5, 6, 6, 6, 7, 7, 7, 8, 8, 8]]",1.0,-0.3730121965383752,1.2166268976001962
90,inf,354.2193908691406,"[[0, 0, 1, 1, 2, 2, 3, 3, 4, 4, 5, 5, 6, 6, 7, 7, 8, 8], [0, 0, 1, 1, 2, 2, 3, 3, 4, 4, 5, 5, 6, 6, 7, 7, 8, 8]]",1.0,-inf,1.3232832918064998
90,0.14624310778427793,354.2193908691406,"[[0, 0, 0, 1, 1, 1, 2, 2, 2, 3, 3, 3, 4, 4, 4, 5, 5, 5, 6, 6, 6, 7, 7, 7, 8, 8, 8], [0, 0, 0, 1, 1, 1, 2, 2, 2, 3, 3, 3, 4, 4, 4, 5, 5, 5, 6, 6, 6, 7, 7, 7, 8, 8, 8]]",1.0,-0.38423229507680884,1.2655043944532378
100,0.1502455174962416,287.72528076171875,"[[0, 0, 0, 1, 1, 1, 2, 2, 2, 3, 3, 3, 4, 4, 4, 5, 5, 5, 6, 6, 6, 7, 7, 7, 8, 8, 8], [0, 0, 0, 1, 1, 1, 2, 2, 2, 3, 3, 3, 4, 4, 4, 5, 5, 5, 6, 6, 6, 7, 7, 7, 8, 8, 8]]",1.0,-0.3891401378920487,1.2564936612146935
