Parameter,Optimized Value
model_type,VAE
num_epochs,100
model_type,VAE
input_size,77
num_classes,9
hidden_size,692
latent_size,5
sample_len,40
scoring_method,f1_dist_ldj:ff
score_rate,30
init_t,0
actions,"[""bend_down"", ""soccer_kick"", ""jump"", ""breaststroke"", ""flystroke"", ""jump_side"", ""left_front_kick"", ""left_lunges"", ""left_punches""]"
people,[0]

--- ITERATION RESULTS ---

iteration,score,loss,predicted classes,f1,smoothness,avg_freeze
0,inf,63286.4375,"[[3, 2, 2, 3, 2, 7, 1, 2, 5, 1, 1, 2, 2, 1, 1, 3, 1, 2], [0, 0, 1, 1, 2, 2, 3, 3, 4, 4, 5, 5, 6, 6, 7, 7, 8, 8]]",0.024691358024691357,-inf,3.705718477840662
0,0.30201588144460717,63286.4375,"[[5, 7, 2, 7, 3, 3, 3, 3, 5, 2, 1, 2, 2, 2, 2, 1, 1, 1, 1, 1, 2, 3, 2, 7, 7, 7, 3], [0, 0, 0, 1, 1, 1, 2, 2, 2, 3, 3, 3, 4, 4, 4, 5, 5, 5, 6, 6, 6, 7, 7, 7, 8, 8, 8]]",0.027777777777777776,-0.49964818520667925,3.0964633397868986
30,inf,1465.8160400390625,"[[0, 0, 1, 1, 2, 2, 3, 3, 4, 4, 5, 5, 6, 6, 7, 7, 8, 8], [0, 0, 1, 1, 2, 2, 3, 3, 4, 4, 5, 5, 6, 6, 7, 7, 8, 8]]",1.0,-inf,0.9865319573107144
30,0.09487711215038602,1465.8160400390625,"[[0, 0, 0, 1, 1, 1, 2, 2, 2, 3, 3, 3, 4, 4, 4, 5, 5, 5, 6, 6, 6, 7, 7, 7, 8, 8, 8], [0, 0, 0, 1, 1, 1, 2, 2, 2, 3, 3, 3, 4, 4, 4, 5, 5, 5, 6, 6, 6, 7, 7, 7, 8, 8, 8]]",1.0,-0.7472175504076769,0.9254226339901808
60,inf,413.5233459472656,"[[0, 0, 1, 1, 2, 2, 3, 3, 4, 4, 5, 5, 6, 6, 7, 7, 8, 8], [0, 0, 1, 1, 2, 2, 3, 3, 4, 4, 5, 5, 6, 6, 7, 7, 8, 8]]",1.0,-inf,1.2544887017189603
60,0.10582977154446421,413.5233459472656,"[[0, 0, 0, 1, 1, 1, 2, 2, 2, 3, 3, 3, 4, 4, 4, 5, 5, 5, 6, 6, 6, 7, 7, 7, 8, 8, 8], [0, 0, 0, 1, 1, 1, 2, 2, 2, 3, 3, 3, 4, 4, 4, 5, 5, 5, 6, 6, 6, 7, 7, 7, 8, 8, 8]]",1.0,-0.694147602873605,1.2344152208693457
90,inf,362.30987548828125,"[[0, 0, 1, 1, 2, 2, 3, 3, 4, 4, 5, 5, 6, 6, 7, 7, 8, 8], [0, 0, 1, 1, 2, 2, 3, 3, 4, 4, 5, 5, 6, 6, 7, 7, 8, 8]]",1.0,-inf,1.2868731022162405
90,0.11410508381218307,362.30987548828125,"[[0, 0, 0, 1, 1, 1, 2, 2, 2, 3, 3, 3, 4, 4, 4, 5, 5, 5, 6, 6, 6, 7, 7, 7, 8, 8, 8], [0, 0, 0, 1, 1, 1, 2, 2, 2, 3, 3, 3, 4, 4, 4, 5, 5, 5, 6, 6, 6, 7, 7, 7, 8, 8, 8]]",1.0,-0.6868866028774295,1.2527111059693528
100,0.11166462800067802,281.9485778808594,"[[0, 0, 0, 1, 1, 1, 2, 2, 2, 3, 3, 3, 4, 4, 4, 5, 5, 5, 6, 6, 6, 7, 7, 7, 8, 8, 8], [0, 0, 0, 1, 1, 1, 2, 2, 2, 3, 3, 3, 4, 4, 4, 5, 5, 5, 6, 6, 6, 7, 7, 7, 8, 8, 8]]",1.0,-0.6978931070402749,1.260527239100459
