Parameter,Optimized Value
model_type,VAE
num_epochs,100
model_type,VAE
input_size,77
num_classes,9
hidden_size,692
latent_size,5
sample_len,40
scoring_method,f1_dist_ldj:ff
score_rate,30
init_t,0
actions,"[""bend_down"", ""soccer_kick"", ""jump"", ""breaststroke"", ""flystroke"", ""jump_side"", ""left_front_kick"", ""left_lunges"", ""left_punches""]"
people,[0]

--- ITERATION RESULTS ---

iteration,score,loss,predicted classes,f1,smoothness,avg_freeze
0,0.1972755432463301,62864.1875,"[[2, 2, 2, 2, 2, 2, 2, 2, 2, 0, 2, 2, 2, 2, 0, 2, 0, 2, 2, 2, 2, 2, 2, 6, 2, 2, 1], [0, 0, 0, 1, 1, 1, 2, 2, 2, 3, 3, 3, 4, 4, 4, 5, 5, 5, 6, 6, 6, 7, 7, 7, 8, 8, 8]]",0.026666666666666665,-0.5489268894445878,3.6016134326146294
0,0.2240256497679868,62864.1875,"[[6, 2, 2, 2, 0, 2, 2, 2, 2, 2, 2, 0, 2, 0, 2, 2, 2, 2], [0, 0, 1, 1, 2, 2, 3, 3, 4, 4, 5, 5, 6, 6, 7, 7, 8, 8]]",0.013888888888888888,-0.874107620765073,2.048945005555697
30,0.11531543962609166,1829.37158203125,"[[2, 0, 0, 1, 1, 1, 2, 2, 2, 3, 3, 3, 4, 4, 4, 5, 5, 5, 6, 6, 6, 7, 7, 7, 8, 8, 8], [0, 0, 0, 1, 1, 1, 2, 2, 2, 3, 3, 3, 4, 4, 4, 5, 5, 5, 6, 6, 6, 7, 7, 7, 8, 8, 8]]",0.9619047619047619,-0.6549317112018137,1.008759936567291
30,0.1855856055764845,1829.37158203125,"[[0, 0, 1, 1, 2, 2, 3, 3, 4, 4, 5, 5, 6, 6, 7, 7, 8, 8], [0, 0, 1, 1, 2, 2, 3, 3, 4, 4, 5, 5, 6, 6, 7, 7, 8, 8]]",1.0,-0.758228164989291,0.8783223046064542
60,0.12347396603001773,382.85662841796875,"[[0, 0, 0, 1, 1, 1, 2, 2, 2, 3, 3, 3, 4, 4, 4, 5, 5, 5, 6, 6, 6, 7, 7, 7, 8, 8, 8], [0, 0, 0, 1, 1, 1, 2, 2, 2, 3, 3, 3, 4, 4, 4, 5, 5, 5, 6, 6, 6, 7, 7, 7, 8, 8, 8]]",1.0,-0.6089798359464927,1.2800940321714889
60,0.2090996618512122,382.85662841796875,"[[0, 0, 1, 1, 2, 2, 3, 3, 4, 4, 5, 5, 6, 6, 7, 7, 8, 8], [0, 0, 1, 1, 2, 2, 3, 3, 4, 4, 5, 5, 6, 6, 7, 7, 8, 8]]",1.0,-0.7375171268039161,1.2068513457513823
90,0.12606545386265597,296.7027893066406,"[[0, 0, 0, 1, 1, 1, 2, 2, 2, 3, 3, 3, 4, 4, 4, 5, 5, 5, 6, 6, 6, 7, 7, 7, 8, 8, 8], [0, 0, 0, 1, 1, 1, 2, 2, 2, 3, 3, 3, 4, 4, 4, 5, 5, 5, 6, 6, 6, 7, 7, 7, 8, 8, 8]]",1.0,-0.60439794536349,1.284335463326153
90,0.22018418540490745,296.7027893066406,"[[0, 0, 1, 1, 2, 2, 3, 3, 4, 4, 5, 5, 6, 6, 7, 7, 8, 8], [0, 0, 1, 1, 2, 2, 3, 3, 4, 4, 5, 5, 6, 6, 7, 7, 8, 8]]",1.0,-0.7347860725730401,1.2192869195576115
100,0.21648175808865375,275.29095458984375,"[[0, 0, 1, 1, 2, 2, 3, 3, 4, 4, 5, 5, 6, 6, 7, 7, 8, 8], [0, 0, 1, 1, 2, 2, 3, 3, 4, 4, 5, 5, 6, 6, 7, 7, 8, 8]]",1.0,-0.721454141596446,1.24416036760858
