Parameter,Optimized Value
model_type,VAE
num_epochs,100
model_type,VAE
input_size,77
num_classes,9
hidden_size,692
latent_size,5
sample_len,40
scoring_method,f1_dist_ldj:ff
score_rate,30
init_t,0
actions,"[""bend_down"", ""soccer_kick"", ""jump"", ""breaststroke"", ""flystroke"", ""jump_side"", ""left_front_kick"", ""left_lunges"", ""left_punches""]"
people,[0]

--- ITERATION RESULTS ---

iteration,score,loss,predicted classes,f1,smoothness,avg_freeze
0,inf,63021.09375,"[[4, 0, 3, 7, 2, 2, 7, 4, 2, 4, 2, 4, 0, 2, 7, 8, 4, 2], [0, 0, 1, 1, 2, 2, 3, 3, 4, 4, 5, 5, 6, 6, 7, 7, 8, 8]]",0.1873015873015873,-inf,3.5491102472720515
0,0.30380977254920477,63021.09375,"[[4, 1, 7, 4, 3, 2, 3, 3, 0, 4, 4, 4, 4, 4, 4, 2, 3, 2, 2, 2, 6, 2, 7, 3, 0, 0, 2], [0, 0, 0, 1, 1, 1, 2, 2, 2, 3, 3, 3, 4, 4, 4, 5, 5, 5, 6, 6, 6, 7, 7, 7, 8, 8, 8]]",0.16060606060606059,-0.3016629333157146,2.6171407374326217
30,inf,2497.125244140625,"[[0, 0, 1, 1, 2, 2, 3, 3, 4, 4, 5, 5, 6, 6, 7, 7, 8, 8], [0, 0, 1, 1, 2, 2, 3, 3, 4, 4, 5, 5, 6, 6, 7, 7, 8, 8]]",1.0,-inf,0.9785438857592467
30,0.12758931522360267,2497.125244140625,"[[0, 0, 0, 1, 1, 1, 2, 2, 2, 3, 3, 3, 4, 4, 4, 5, 5, 5, 6, 6, 6, 7, 7, 7, 8, 8, 8], [0, 0, 0, 1, 1, 1, 2, 2, 2, 3, 3, 3, 4, 4, 4, 5, 5, 5, 6, 6, 6, 7, 7, 7, 8, 8, 8]]",1.0,-0.4161618955159087,0.9117206948517267
60,inf,434.7364501953125,"[[0, 0, 1, 1, 2, 2, 3, 3, 4, 4, 5, 5, 6, 6, 7, 7, 8, 8], [0, 0, 1, 1, 2, 2, 3, 3, 4, 4, 5, 5, 6, 6, 7, 7, 8, 8]]",1.0,-inf,1.2219966092377743
60,0.14187227252458193,434.7364501953125,"[[0, 0, 0, 1, 1, 1, 2, 2, 2, 3, 3, 3, 4, 4, 4, 5, 5, 5, 6, 6, 6, 7, 7, 7, 8, 8, 8], [0, 0, 0, 1, 1, 1, 2, 2, 2, 3, 3, 3, 4, 4, 4, 5, 5, 5, 6, 6, 6, 7, 7, 7, 8, 8, 8]]",1.0,-0.3811693043483078,1.1470747450570584
90,inf,286.08843994140625,"[[0, 0, 1, 1, 2, 2, 3, 3, 4, 4, 5, 5, 6, 6, 7, 7, 8, 8], [0, 0, 1, 1, 2, 2, 3, 3, 4, 4, 5, 5, 6, 6, 7, 7, 8, 8]]",1.0,-inf,1.2677466135901707
90,0.14913595497358786,286.08843994140625,"[[0, 0, 0, 1, 1, 1, 2, 2, 2, 3, 3, 3, 4, 4, 4, 5, 5, 5, 6, 6, 6, 7, 7, 7, 8, 8, 8], [0, 0, 0, 1, 1, 1, 2, 2, 2, 3, 3, 3, 4, 4, 4, 5, 5, 5, 6, 6, 6, 7, 7, 7, 8, 8, 8]]",1.0,-0.36681563567541153,1.1978505824595462
100,0.1493638487465292,231.71194458007812,"[[0, 0, 0, 1, 1, 1, 2, 2, 2, 3, 3, 3, 4, 4, 4, 5, 5, 5, 6, 6, 6, 7, 7, 7, 8, 8, 8], [0, 0, 0, 1, 1, 1, 2, 2, 2, 3, 3, 3, 4, 4, 4, 5, 5, 5, 6, 6, 6, 7, 7, 7, 8, 8, 8]]",1.0,-0.3643277346575109,1.1868170348263687
