Parameter,Optimized Value
model_type,VAE
num_epochs,100
model_type,VAE
input_size,77
num_classes,9
hidden_size,692
latent_size,5
sample_len,40
scoring_method,f1_dist_ldj:ff
score_rate,30
init_t,0
actions,"[""bend_down"", ""soccer_kick"", ""jump"", ""breaststroke"", ""flystroke"", ""jump_side"", ""left_front_kick"", ""left_lunges"", ""left_punches""]"
people,[0]

--- ITERATION RESULTS ---

iteration,score,loss,predicted classes,f1,smoothness,avg_freeze
0,0.20997112737010484,62969.08203125,"[[6, 1, 4, 1, 0, 7, 4, 4, 4, 5, 5, 4, 4, 4, 3, 3, 5, 4], [0, 0, 1, 1, 2, 2, 3, 3, 4, 4, 5, 5, 6, 6, 7, 7, 8, 8]]",0.12222222222222223,-1.3060115827197307,3.0125298729225753
0,0.27458535232734804,62969.08203125,"[[4, 0, 4, 4, 6, 7, 7, 0, 3, 4, 4, 5, 6, 6, 6, 4, 4, 4, 4, 4, 4, 4, 4, 4, 5, 6, 4], [0, 0, 0, 1, 1, 1, 2, 2, 2, 3, 3, 3, 4, 4, 4, 5, 5, 5, 6, 6, 6, 7, 7, 7, 8, 8, 8]]",0.04444444444444445,-0.5723159366486341,4.296933845719902
30,inf,1431.1427001953125,"[[0, 0, 1, 1, 2, 2, 3, 3, 4, 4, 5, 5, 6, 6, 7, 7, 8, 8], [0, 0, 1, 1, 2, 2, 3, 3, 4, 4, 5, 5, 6, 6, 7, 7, 8, 8]]",1.0,-inf,0.9548425499735773
30,0.12876867039938542,1431.1427001953125,"[[0, 0, 0, 1, 1, 1, 2, 2, 2, 3, 3, 3, 4, 4, 4, 5, 5, 5, 6, 6, 6, 7, 7, 7, 8, 8, 8], [0, 0, 0, 1, 1, 1, 2, 2, 2, 3, 3, 3, 4, 4, 4, 5, 5, 5, 6, 6, 6, 7, 7, 7, 8, 8, 8]]",1.0,-0.4025046707434067,0.9008670025493808
60,inf,423.77880859375,"[[0, 0, 1, 1, 2, 2, 3, 3, 4, 4, 5, 5, 6, 6, 7, 7, 8, 8], [0, 0, 1, 1, 2, 2, 3, 3, 4, 4, 5, 5, 6, 6, 7, 7, 8, 8]]",1.0,-inf,1.1997394735191338
60,0.1361907328565203,423.77880859375,"[[0, 0, 0, 1, 1, 1, 2, 2, 2, 3, 3, 3, 4, 4, 4, 5, 5, 5, 6, 6, 6, 7, 7, 7, 8, 8, 8], [0, 0, 0, 1, 1, 1, 2, 2, 2, 3, 3, 3, 4, 4, 4, 5, 5, 5, 6, 6, 6, 7, 7, 7, 8, 8, 8]]",1.0,-0.3879493880250832,1.125237439802557
90,inf,278.1138000488281,"[[0, 0, 1, 1, 2, 2, 3, 3, 4, 4, 5, 5, 6, 6, 7, 7, 8, 8], [0, 0, 1, 1, 2, 2, 3, 3, 4, 4, 5, 5, 6, 6, 7, 7, 8, 8]]",1.0,-inf,1.2223293757051197
90,0.1443701938037888,278.1138000488281,"[[0, 0, 0, 1, 1, 1, 2, 2, 2, 3, 3, 3, 4, 4, 4, 5, 5, 5, 6, 6, 6, 7, 7, 7, 8, 8, 8], [0, 0, 0, 1, 1, 1, 2, 2, 2, 3, 3, 3, 4, 4, 4, 5, 5, 5, 6, 6, 6, 7, 7, 7, 8, 8, 8]]",1.0,-0.3892055912386499,1.1446817224520753
100,0.14041272652361064,261.705078125,"[[0, 0, 0, 1, 1, 1, 2, 2, 2, 3, 3, 3, 4, 4, 4, 5, 5, 5, 6, 6, 6, 7, 7, 7, 8, 8, 8], [0, 0, 0, 1, 1, 1, 2, 2, 2, 3, 3, 3, 4, 4, 4, 5, 5, 5, 6, 6, 6, 7, 7, 7, 8, 8, 8]]",1.0,-0.38033552258963477,1.1361028623080347
