init,type,num_folds,score_mean,score_std,f1_mean,f1_std,smoothness_mean,smoothness_std,avg_freeze_mean,avg_freeze_std,iteration_mean,score_over_f1,score_f1_freeze,score_f1_freeze_smooth
PCA,map,10,0.1940065197266126,0.018790023681409813,0.9146919746919746,0.07187901896700435,0.8436506996988762,0.011841975602835338,1.6479890170048037,0.23624384153518735,31.0,0.2121003847136025,0.3495391045105105,0.2948889100924108
PCA,kernel,10,0.17198669543858605,0.020522015608692698,0.9281718281718282,0.039825598481002165,0.9019790456355553,0.01512441503319517,1.909318011552538,0.7346637889081874,1.0,0.1852961813949248,0.3537893366092362,0.3191105681908351
PCA,linear,10,0.20441364215373836,0.028480337403783477,0.9370657120657121,0.03971039336067734,0.8530293608894874,0.01507291638251726,1.9991239146171367,0.4452481634036139,11.0,0.21814227062381703,0.4360934299929559,0.3720004998749956
PCA,mlp,5,0.336324260143732,0.0645766123027056,0.9424242424242424,0.04229779134587899,0.9917550365688264,0.05104077230254657,5.830746723767175,3.339602404163362,11.0,0.35687140143868673,2.0808267547448227,2.063670414245344
kernel pca:rbf,map,10,0.24396871828011008,0.026652229867923226,0.9671717171717171,0.031051365957453274,0.7833158865303094,0.01578827935580448,6.2014197534134095,1.8003379590271722,31.0,0.2522496408326987,1.5643059054513353,1.225345667133211
kernel pca:rbf,kernel,10,0.27521321330026094,0.0916127598523686,0.9111935841935843,0.1184332311713369,0.7786409659525708,0.09517251763269403,5.3781647794328595,1.8713950483096284,11.0,0.30203594282748103,1.6243990698375552,1.2648236608307715
kernel pca:rbf,linear,10,12463976.214098204,27848504.8855136,0.5164520294520294,0.33753074480107137,1.0883844321826395,0.16769217059928765,0.795029043093046,0.7854402055761945,21.0,24133850.780532017,19187112.292196732,20882954.31736708
kernel pca:rbf,mlp,6,0.3423299168042225,0.041063045501930434,0.9793771043771043,0.031688872868823284,0.784369622814722,0.03482828752197403,12.523826271600711,4.276236914148294,11.0,0.34953841096984645,4.3775583342377296,3.4336237794754907
